i,j,height
18730,25049,6.470588235294119
18730,25050,6.470588235294118
18730,25051,6.470588235294119
18730,25052,6.470588235294118
18730,25053,6.470588235294119
18730,25054,6.470588235294118
18730,25055,6.470588235294117
18730,25056,6.470588235294119
18730,25057,6.470588235294118
18730,25058,6.470588235294118
18730,25059,6.470588235294118
18730,25060,6.470588235294118
18730,25061,6.470588235294118
18730,25062,6.4705882352941195
18730,25063,6.470588235294119
18730,25064,6.470588235294119
18730,25065,6.470588235294119
18730,25066,6.470588235294119
18730,25067,6.470588235294118
18730,25068,6.4705882352941195
18730,25069,6.470588235294119
18730,25070,6.470588235294118
18730,25071,6.470588235294118
18730,25072,6.470588235294118
18730,25073,6.470588235294117
18730,25074,32.7454245826231
18730,25075,9.110788699177483
18730,25076,6.468801026832497
18730,25077,6.470588235294118
18730,25078,6.470588235294118
18730,25079,6.470588235294119
18730,25080,6.470588235294118
18730,25081,6.470588235294118
18730,25082,6.470588235294117
18730,25083,6.470588235294117
18730,25084,6.470588235294118
18730,25085,6.470588235294119
18730,25086,6.470588235294118
18730,25087,6.470588235294118
18730,25088,6.470588235294118
18730,25089,6.470588235294118
18730,25090,6.470588235294117
18730,25091,6.470588235294116
18730,25092,6.470588235294118
18730,25093,6.470588235294119
18731,25049,6.470588235294118
18731,25050,6.470588235294118
18731,25051,6.470588235294119
18731,25052,6.470588235294118
18731,25053,6.470588235294119
18731,25054,6.470588235294118
18731,25055,6.470588235294118
18731,25056,6.4705882352941195
18731,25057,6.470588235294117
18731,25058,6.4705882352941195
18731,25059,6.4705882352941195
18731,25060,6.470588235294118
18731,25061,6.470588235294118
18731,25062,6.470588235294117
18731,25063,6.470588235294118
18731,25064,6.4705882352941195
18731,25067,6.470588235294119
18731,25068,6.4705882352941195
18731,25069,6.470588235294118
18731,25070,6.470588235294117
18731,25071,6.470588235294118
18731,25072,6.470588235294118
18731,25073,12.075654943662085
18731,25074,19.31633451090111
18731,25075,6.470588235294117
18731,25076,6.470588235294119
18731,25077,6.470588235294117
18731,25078,6.470588235294119
18731,25079,6.470588235294119
18731,25080,6.470588235294118
18731,25081,6.470588235294118
18731,25082,6.470588235294118
18731,25083,6.470588235294118
18731,25084,6.470588235294118
18731,25085,6.470588235294118
18731,25086,6.470588235294119
18731,25087,6.470588235294118
18731,25088,6.470588235294119
18731,25089,6.470588235294118
18731,25090,6.470588235294117
18731,25091,6.470588235294117
18731,25092,6.470588235294118
18732,25049,14.626276054307695
18732,25050,8.716838789213572
18732,25051,6.470588235294117
18732,25052,6.470588235294118
18732,25053,6.470588235294117
18732,25054,6.470588235294118
18732,25055,6.470588235294119
18732,25056,6.470588235294118
18732,25057,6.470588235294118
18732,25058,6.470588235294119
18732,25059,6.470588235294118
18732,25060,6.470588235294118
18732,25061,6.470588235294117
18732,25062,6.470588235294118
18732,25063,6.470588235294118
18732,25064,6.470588235294118
18732,25065,6.470588235294118
18732,25066,6.470588235294118
18732,25067,6.470588235294118
18732,25068,6.4705882352941195
18732,25069,6.470588235294118
18732,25070,6.470588235294118
18732,25071,6.470588235294119
18732,25072,6.493058615247816
18732,25073,8.957803484015642
18732,25074,6.470588235294119
18732,25075,6.470588235294118
18732,25076,6.470588235294119
18732,25077,6.4705882352941195
18732,25078,6.470588235294119
18732,25079,6.470588235294119
18732,25080,6.470588235294118
18732,25081,6.470588235294119
18732,25082,6.470588235294118
18732,25083,6.470588235294119
18732,25084,6.470588235294117
18732,25085,12.002134187008137
18732,25086,6.470588235294118
18732,25087,6.470588235294117
18732,25088,6.470588235294118
18732,25089,6.470588235294117
18732,25090,6.470588235294119
18732,25091,6.470588235294118
18732,25092,6.470588235294118
18732,25093,6.470588235294117
18733,25049,20.023324919321343
18733,25050,20.65544236142294
18733,25051,10.354624753145856
18733,25052,6.470588235294118
18733,25053,6.470588235294117
18733,25054,13.68854990426208
18733,25055,22.68587726199842
18733,25056,6.470588235294119
18733,25057,6.470588235294118
18733,25058,6.470588235294119
18733,25059,6.470588235294118
18733,25060,6.470588235294117
18733,25061,6.470588235294119
18733,25062,6.470588235294118
18733,25063,6.470588235294119
18733,25064,6.470588235294118
18733,25065,6.470588235294119
18733,25066,6.470588235294118
18733,25068,6.470588235294119
18733,25069,6.470588235294119
18733,25070,6.470588235294118
18733,25071,6.470588235294117
18733,25072,7.377372497313108
18733,25073,8.543561178036532
18733,25074,6.470588235294117
18733,25075,6.470588235294118
18733,25076,6.470588235294119
18733,25077,6.470588235294119
18733,25078,6.4705882352941195
18733,25079,6.470588235294119
18733,25080,6.470588235294118
18733,25081,6.470588235294119
18733,25082,6.470588235294118
18733,25083,6.470588235294118
18733,25084,6.470588235294119
18733,25085,6.470588235294118
18733,25086,6.470588235294118
18733,25087,6.470588235294118
18733,25088,6.4705882352941195
18733,25089,6.4705882352941195
18733,25090,6.470588235294119
18733,25091,6.470588235294117
18733,25092,6.470588235294117
18733,25093,6.470588235294117
18734,25049,10.29672821162023
18734,25050,12.004557747063757
18734,25051,6.470588235294119
18734,25052,6.470588235294118
18734,25053,6.470588235294119
18734,25054,22.151628170734366
18734,25055,22.6358067777029
18734,25056,6.470588235294117
18734,25057,6.470588235294118
18734,25058,6.470588235294117
18734,25059,6.470588235294118
18734,25060,6.470588235294118
18734,25061,6.470588235294119
18734,25062,6.470588235294118
18734,25063,6.470588235294117
18734,25064,6.470588235294119
18734,25065,6.470588235294119
18734,25066,6.470588235294119
18734,25067,6.470588235294119
18734,25068,6.470588235294118
18734,25069,6.470588235294119
18734,25070,6.470588235294119
18734,25071,6.894229527948706
18734,25072,18.3475841802271
18734,25073,6.470588235294118
18734,25074,6.470588235294118
18734,25075,6.470588235294118
18734,25076,6.470588235294118
18734,25077,6.470588235294118
18734,25078,6.470588235294119
18734,25079,6.470588235294118
18734,25080,6.470588235294118
18734,25081,6.470588235294118
18734,25082,6.470588235294118
18734,25083,8.300461978781476
18734,25084,6.470588235294119
18734,25085,6.470588235294118
18734,25086,6.470588235294119
18734,25087,6.470588235294118
18734,25088,6.470588235294119
18734,25089,6.470588235294119
18734,25090,6.470588235294118
18734,25091,6.470588235294118
18734,25092,6.470588235294119
18734,25093,6.470588235294118
18735,25049,6.470588235294118
18735,25050,6.470588235294118
18735,25051,6.470588235294118
18735,25052,6.470588235294118
18735,25053,6.470588235294117
18735,25054,6.470588235294118
18735,25055,14.086969104985167
18735,25056,7.399115568266287
18735,25057,6.470588235294117
18735,25058,6.470588235294118
18735,25059,6.470588235294117
18735,25060,6.470588235294119
18735,25061,6.470588235294118
18735,25062,6.470588235294119
18735,25063,6.470588235294117
18735,25064,6.470588235294118
18735,25065,6.470588235294119
18735,25066,6.470588235294119
18735,25067,6.470588235294118
18735,25068,6.470588235294119
18735,25069,6.470588235294119
18735,25070,6.470588235294118
18735,25071,15.584223171224606
18735,25072,22.862699795314054
18735,25073,6.470588235294118
18735,25074,6.470588235294119
18735,25075,6.470588235294118
18735,25076,6.470588235294119
18735,25077,6.470588235294119
18735,25078,6.470588235294116
18735,25079,6.470588235294117
18735,25080,6.470588235294118
18735,25081,6.470588235294118
18735,25082,6.470588235294117
18735,25083,6.470588235294119
18735,25084,6.470588235294118
18735,25085,6.470588235294119
18735,25086,6.470588235294118
18735,25087,6.470588235294118
18735,25088,6.470588235294119
18735,25089,6.470588235294118
18735,25090,6.470588235294118
18735,25091,6.470588235294119
18735,25092,6.470588235294119
18735,25093,6.470588235294118
18736,25049,6.470588235294118
18736,25050,6.470588235294118
18736,25051,6.470588235294118
18736,25052,6.470588235294118
18736,25053,6.470588235294117
18736,25054,6.470588235294118
18736,25055,6.470588235294118
18736,25056,6.470588235294118
18736,25057,6.470588235294117
18736,25058,6.470588235294118
18736,25059,6.470588235294118
18736,25060,6.470588235294118
18736,25061,6.470588235294118
18736,25062,6.470588235294118
18736,25063,6.470588235294118
18736,25064,6.470588235294117
18736,25065,6.470588235294118
18736,25066,6.470588235294119
18736,25067,6.470588235294118
18736,25068,6.470588235294117
18736,25069,6.470588235294118
18736,25070,10.40704011867905
18736,25071,13.836754473352947
18736,25072,6.470588235294118
18736,25073,6.470588235294119
18736,25074,6.470588235294119
18736,25075,6.470588235294119
18736,25076,6.470588235294119
18736,25077,6.470588235294118
18736,25078,6.470588235294117
18736,25079,6.470588235294118
18736,25080,6.470588235294118
18736,25081,6.470588235294118
18736,25082,6.470588235294117
18736,25083,6.4705882352941195
18736,25084,6.470588235294118
18736,25085,6.470588235294118
18736,25086,6.470588235294119
18736,25087,6.470588235294119
18736,25088,6.470588235294118
18736,25089,6.470588235294117
18736,25090,6.470588235294118
18736,25091,6.470588235294118
18736,25092,6.470588235294118
18736,25093,6.470588235294117
18737,25049,6.470588235294118
18737,25050,6.470588235294118
18737,25051,6.470588235294118
18737,25052,6.470588235294118
18737,25053,6.470588235294118
18737,25054,6.470588235294118
18737,25055,6.470588235294118
18737,25056,6.470588235294118
18737,25057,6.894528384920052
18737,25058,6.470588235294118
18737,25059,6.470588235294116
18737,25060,6.470588235294118
18737,25061,6.470588235294119
18737,25062,6.470588235294117
18737,25063,6.470588235294118
18737,25064,6.470588235294118
18737,25065,6.470588235294118
18737,25066,6.470588235294117
18737,25067,6.470588235294119
18737,25068,8.54903032836973
18737,25069,14.634621848739496
18737,25070,43.707916415381064
18737,25071,26.461848851561626
18737,25072,6.4705882352941195
18737,25073,6.470588235294118
18737,25074,6.470588235294119
18737,25075,6.470588235294117
18737,25076,6.470588235294118
18737,25077,6.470588235294116
18737,25078,6.470588235294117
18737,25079,6.470588235294119
18737,25080,6.470588235294118
18737,25081,6.470588235294119
18737,25082,6.470588235294117
18737,25083,6.470588235294118
18737,25084,6.470588235294119
18737,25085,6.470588235294118
18737,25086,6.470588235294118
18737,25087,6.470588235294119
18737,25088,6.470588235294118
18737,25089,6.470588235294118
18737,25090,6.470588235294119
18737,25091,6.470588235294119
18737,25092,6.470588235294117
18737,25093,6.470588235294118
18738,25049,6.470588235294117
18738,25050,6.470588235294118
18738,25051,6.470588235294118
18738,25052,6.470588235294119
18738,25053,6.470588235294118
18738,25054,6.470588235294117
18738,25055,6.470588235294118
18738,25056,6.470588235294117
18738,25057,10.416250895665886
18738,25058,15.197862640506468
18738,25059,7.622817747136662
18738,25060,12.64804337267154
18738,25061,6.470588235294118
18738,25062,6.470588235294118
18738,25063,6.470588235294119
18738,25064,6.470588235294118
18738,25065,6.470588235294118
18738,25066,6.470588235294117
18738,25067,6.470588235294118
18738,25068,6.477788878769803
18738,25069,6.470588235294118
18738,25070,53.66348248701189
18738,25071,43.865694034869875
18738,25072,6.470588235294119
18738,25073,6.470588235294117
18738,25074,6.470588235294118
18738,25076,6.470588235294118
18738,25077,6.470588235294119
18738,25078,14.779452697761236
18738,25079,12.245611903423907
18738,25080,6.470588235294118
18738,25081,6.470588235294119
18738,25082,6.470588235294118
18738,25083,6.470588235294118
18738,25084,6.470588235294118
18738,25085,6.470588235294118
18738,25086,6.470588235294119
18738,25087,6.470588235294118
18738,25088,6.470588235294118
18738,25089,6.470588235294119
18738,25090,6.470588235294117
18738,25091,10.144532832751205
18738,25092,6.470588235294118
18738,25093,6.470588235294117
18739,25049,6.470588235294119
18739,25050,6.470588235294119
18739,25051,6.470588235294117
18739,25052,6.470588235294119
18739,25053,6.470588235294119
18739,25054,6.470588235294117
18739,25055,6.470588235294118
18739,25056,6.470588235294119
18739,25057,6.470588235294118
18739,25058,6.470588235294119
18739,25059,17.751356201167976
18739,25060,7.616644654104598
18739,25061,7.56365354228094
18739,25062,6.470588235294118
18739,25063,6.470588235294118
18739,25064,6.4705882352941195
18739,25065,6.470588235294118
18739,25066,6.470588235294118
18739,25067,6.470588235294117
18739,25068,6.470588235294118
18739,25069,6.470588235294118
18739,25071,6.470588235294118
18739,25074,6.470588235294119
18739,25075,6.470588235294118
18739,25076,13.694064762834595
18739,25077,6.470588235294117
18739,25078,10.411363411102327
18739,25079,12.162399462709061
18739,25080,6.470588235294118
18739,25081,6.470588235294119
18739,25082,6.470588235294118
18739,25083,6.470588235294119
18739,25084,6.470588235294118
18739,25085,6.470588235294119
18739,25086,6.470588235294119
18739,25087,6.470588235294118
18739,25088,6.470588235294119
18739,25089,6.470588235294119
18739,25090,6.470588235294118
18739,25091,6.470588235294118
18739,25092,6.470588235294118
18739,25093,6.470588235294118
18740,25049,6.470588235294117
18740,25050,6.470588235294118
18740,25051,6.470588235294118
18740,25052,6.470588235294119
18740,25053,6.470588235294118
18740,25054,6.470588235294119
18740,25055,6.470588235294118
18740,25056,6.470588235294119
18740,25057,6.470588235294119
18740,25058,6.470588235294118
18740,25059,6.477560851926978
18740,25060,6.513923594696203
18740,25061,13.21608754767554
18740,25062,10.52534931944154
18740,25063,7.683205816693967
18740,25064,16.304628336266887
18740,25065,6.470588235294119
18740,25066,6.519150936006892
18740,25067,6.470588235294118
18740,25068,11.127820541248271
18740,25069,6.497476627781913
18740,25070,20.665623696287028
18740,25071,15.35040041166822
18740,25074,6.470588235294118
18740,25075,6.470588235294117
18740,25076,21.89283559577677
18740,25077,14.973417268431405
18740,25078,20.85956427299354
18740,25079,15.936795681482424
18740,25080,6.470588235294118
18740,25081,6.488642961631654
18740,25082,7.641063145688382
18740,25083,6.470588235294119
18740,25084,6.470588235294119
18740,25085,6.470588235294119
18740,25086,6.470588235294117
18740,25087,6.470588235294117
18740,25088,6.470588235294118
18740,25089,6.470588235294117
18740,25090,6.470588235294118
18740,25091,6.470588235294118
18740,25092,6.470588235294118
18740,25093,6.470588235294117
18741,25049,6.4705882352941195
18741,25050,6.470588235294118
18741,25051,6.470588235294118
18741,25054,6.470588235294119
18741,25055,6.470588235294119
18741,25056,6.470588235294119
18741,25059,6.470588235294119
18741,25060,6.470588235294119
18741,25061,6.470588235294119
18741,25062,6.470588235294118
18741,25063,6.563513542053226
18741,25064,7.611119841228269
18741,25065,6.470588235294117
18741,25066,6.66501286861608
18741,25067,6.470588235294117
18741,25068,18.820257414961606
18741,25069,14.442865818121053
18741,25070,6.470588235294119
18741,25071,22.52541572326101
18741,25072,13.93676537830496
18741,25075,6.470588235294118
18741,25076,6.470588235294119
18741,25077,6.470588235294118
18741,25078,20.86957402254436
18741,25079,30.540870579771912
18741,25080,26.595902310155207
18741,25081,40.65056496390466
18741,25082,10.023002597654825
18741,25083,20.763803429321516
18741,25084,6.470588235294119
18741,25085,6.470588235294119
18741,25086,6.470588235294118
18741,25087,6.470588235294118
18741,25088,6.470588235294118
18741,25089,6.470588235294118
18741,25090,6.470588235294118
18741,25091,6.470588235294117
18741,25092,6.470588235294117
18741,25093,6.470588235294118
18742,25049,6.470588235294118
18742,25054,6.470588235294119
18742,25055,6.470588235294118
18742,25058,6.470588235294119
18742,25059,6.470588235294118
18742,25060,6.470588235294118
18742,25061,6.470588235294118
18742,25062,6.470588235294118
18742,25063,8.441437022959262
18742,25064,6.470588235294117
18742,25065,8.152126066687401
18742,25066,12.251250363242344
18742,25067,6.470588235294118
18742,25068,6.470588235294116
18742,25069,7.1409655682834146
18742,25070,6.470588235294117
18742,25071,19.707654145995747
18742,25072,5.8669181958497685
18742,25073,6.470588235294119
18742,25077,6.470588235294118
18742,25079,6.470588235294119
18742,25080,6.470588235294117
18742,25081,6.470588235294119
18742,25082,6.470588235294118
18742,25083,6.470588235294118
18742,25085,6.470588235294117
18742,25086,6.470588235294118
18742,25087,6.470588235294118
18742,25088,6.470588235294117
18742,25089,6.470588235294119
18742,25090,6.470588235294116
18742,25091,6.470588235294117
18742,25092,6.470588235294117
18742,25093,6.470588235294118
18743,25049,6.470588235294118
18743,25050,6.470588235294117
18743,25052,6.470588235294118
18743,25053,6.470588235294119
18743,25054,6.470588235294118
18743,25055,6.470588235294119
18743,25056,6.470588235294119
18743,25057,6.4705882352941195
18743,25058,6.470588235294119
18743,25059,6.470588235294118
18743,25060,6.470588235294116
18743,25061,6.470588235294118
18743,25062,6.470588235294118
18743,25063,6.470588235294117
18743,25064,8.193630118817858
18743,25065,6.470588235294117
18743,25066,6.470588235294118
18743,25067,6.7011967698546036
18743,25068,6.470588235294117
18743,25069,6.470588235294118
18743,25070,6.931422083904122
18743,25071,6.470588235294118
18743,25072,5.852287581699347
18743,25073,6.470588235294118
18743,25074,11.317106853098567
18743,25075,6.470588235294118
18743,25078,6.470588235294119
18743,25080,6.4705882352941195
18743,25081,6.470588235294119
18743,25085,6.470588235294118
18743,25087,6.4705882352941195
18743,25088,6.470588235294117
18743,25089,6.470588235294116
18743,25090,6.470588235294119
18743,25091,6.470588235294119
18743,25092,6.470588235294116
18743,25093,6.470588235294117
18744,25049,6.470588235294119
18744,25050,6.470588235294117
18744,25051,6.470588235294118
18744,25052,6.470588235294118
18744,25053,6.470588235294117
18744,25054,6.470588235294117
18744,25055,6.470588235294118
18744,25056,6.470588235294117
18744,25057,6.470588235294117
18744,25058,6.470588235294117
18744,25059,6.470588235294118
18744,25060,6.470588235294118
18744,25061,6.470588235294118
18744,25062,6.367478969695775
18744,25063,6.470588235294118
18744,25064,6.862646422365435
18744,25065,6.448545120455942
18744,25066,6.470588235294119
18744,25067,6.470588235294117
18744,25068,6.470588235294117
18744,25069,8.84943490504816
18744,25070,12.02823625987258
18744,25071,27.210016715271358
18744,25072,15.321818600858062
18744,25073,8.992502824278525
18744,25074,6.291831851137541
18744,25075,6.470588235294119
18744,25076,6.470588235294118
18744,25080,6.470588235294119
18744,25081,6.470588235294119
18744,25083,6.470588235294118
18745,25049,9.806139533732154
18745,25050,6.470588235294118
18745,25051,6.470588235294118
18745,25052,6.470588235294117
18745,25053,6.470588235294118
18745,25054,6.470588235294118
18745,25055,6.470588235294119
18745,25056,6.470588235294118
18745,25057,6.470588235294117
18745,25058,6.470588235294118
18745,25059,6.470588235294117
18745,25060,6.470588235294118
18745,25061,6.470588235294118
18745,25062,6.265548266838729
18745,25063,6.470588235294118
18745,25064,6.470588235294117
18745,25065,6.470588235294116
18745,25066,6.470588235294118
18745,25067,6.470588235294119
18745,25068,7.050294690479523
18745,25069,18.89645406808661
18745,25070,23.743607818403305
18745,25071,27.139949515537527
18745,25072,12.08368770805585
18745,25073,24.18181949553879
18745,25074,12.86770669338295
18745,25075,6.470588235294119
18745,25076,6.470588235294118
18745,25078,6.470588235294119
18745,25085,6.470588235294119
18745,25086,6.470588235294118
18745,25087,6.470588235294116
18745,25088,6.470588235294118
18745,25089,6.470588235294117
18745,25090,6.470588235294119
18746,25049,6.470588235294119
18746,25050,6.470588235294117
18746,25051,6.470588235294118
18746,25052,6.470588235294119
18746,25053,6.470588235294119
18746,25054,6.470588235294118
18746,25055,6.470588235294119
18746,25056,6.470588235294117
18746,25057,6.470588235294118
18746,25058,6.470588235294119
18746,25059,6.470588235294117
18746,25060,6.470588235294119
18746,25061,6.470588235294117
18746,25062,6.470588235294118
18746,25063,6.470588235294118
18746,25064,6.470588235294119
18746,25065,6.470588235294117
18746,25066,6.470588235294117
18746,25067,6.470588235294117
18746,25068,7.143421262055529
18746,25069,22.123468148829673
18746,25070,14.657405734831771
18746,25071,22.618283727067443
18746,25072,14.38262456251928
18746,25073,17.889475385508263
18746,25074,10.667726550079491
18746,25075,7.494291781053154
18746,25076,6.470588235294119
18746,25079,6.470588235294117
18746,25082,6.470588235294118
18746,25083,6.470588235294118
18746,25084,6.4705882352941195
18746,25085,6.470588235294119
18746,25086,6.470588235294117
18746,25087,6.470588235294117
18746,25088,6.470588235294118
18746,25089,6.470588235294118
18746,25090,6.470588235294118
18747,25049,6.470588235294118
18747,25050,6.470588235294119
18747,25051,6.470588235294118
18747,25052,6.470588235294119
18747,25053,6.470588235294118
18747,25054,6.470588235294119
18747,25055,6.470588235294119
18747,25056,6.470588235294118
18747,25057,6.470588235294117
18747,25058,6.470588235294118
18747,25059,6.470588235294119
18747,25060,6.470588235294118
18747,25061,6.470588235294119
18747,25062,6.470588235294119
18747,25063,6.470588235294117
18747,25064,6.470588235294117
18747,25065,6.470588235294117
18747,25066,6.470588235294117
18747,25067,6.470588235294118
18747,25068,13.041118129010984
18747,25069,22.459702519667797
18747,25070,14.323972267412934
18747,25071,16.08287471076818
18747,25072,25.042449846645894
18747,25073,15.194716337908424
18747,25074,8.500047361939943
18747,25075,10.565409253536664
18747,25076,6.470588235294118
18747,25077,6.470588235294119
18747,25078,6.4705882352941195
18747,25079,6.470588235294118
18747,25080,6.470588235294118
18747,25081,6.470588235294117
18747,25082,6.470588235294119
18747,25083,6.470588235294117
18747,25084,6.470588235294118
18747,25085,6.4705882352941195
18747,25086,6.470588235294119
18747,25087,6.470588235294118
18747,25088,6.470588235294118
18747,25089,6.470588235294118
18747,25090,6.470588235294119
18747,25092,5.108359133126935
18748,25049,6.470588235294119
18748,25050,6.470588235294118
18748,25051,6.470588235294118
18748,25052,6.470588235294119
18748,25053,6.470588235294118
18748,25054,6.470588235294117
18748,25055,6.470588235294118
18748,25056,6.470588235294117
18748,25057,6.470588235294119
18748,25058,6.470588235294119
18748,25059,6.470588235294117
18748,25060,6.470588235294119
18748,25061,6.470588235294118
18748,25062,6.470588235294118
18748,25063,6.470588235294118
18748,25064,6.470588235294118
18748,25065,6.470588235294116
18748,25066,6.470588235294117
18748,25067,6.470588235294117
18748,25068,7.130624033845903
18748,25069,8.724149012171576
18748,25070,13.497723743834039
18748,25071,14.946995548479636
18748,25072,47.72496158618806
18748,25073,11.104863751124523
18748,25074,6.470588235294117
18748,25075,6.470588235294118
18748,25076,6.470588235294118
18748,25077,6.470588235294117
18748,25078,6.470588235294118
18748,25079,6.470588235294119
18748,25080,6.470588235294119
18748,25081,6.470588235294118
18748,25082,6.470588235294117
18748,25083,6.470588235294119
18748,25084,6.470588235294118
18748,25085,6.470588235294118
18748,25086,6.470588235294118
18748,25087,6.4705882352941195
18748,25088,6.470588235294119
18748,25089,6.470588235294119
18748,25090,6.470588235294119
18748,25092,6.357811098295527
18749,25049,6.470588235294118
18749,25050,6.470588235294119
18749,25051,6.470588235294118
18749,25052,6.470588235294118
18749,25053,6.470588235294119
18749,25054,6.470588235294119
18749,25055,6.470588235294117
18749,25056,6.470588235294119
18749,25057,6.470588235294118
18749,25058,6.470588235294117
18749,25059,6.470588235294119
18749,25060,6.470588235294117
18749,25061,6.4705882352941195
18749,25062,6.470588235294118
18749,25063,6.470588235294118
18749,25064,6.470588235294119
18749,25065,6.470588235294118
18749,25066,6.470588235294118
18749,25067,8.099040775757055
18749,25068,28.345029631768554
18749,25069,10.464994374915433
18749,25070,14.213475204646796
18749,25071,6.561251591654934
18749,25072,19.033075135899253
18749,25073,10.061385472276928
18749,25074,6.470588235294118
18749,25075,6.470588235294119
18749,25076,6.470588235294117
18749,25077,6.470588235294118
18749,25078,6.470588235294118
18749,25079,6.470588235294118
18749,25080,6.470588235294119
18749,25081,6.470588235294119
18749,25082,6.4705882352941195
18749,25083,6.470588235294119
18749,25084,6.470588235294118
18749,25085,6.470588235294118
18749,25086,6.470588235294119
18749,25087,6.470588235294119
18749,25088,6.465284474445516
18749,25089,6.309491584244317
18749,25090,6.226336090950617
18749,25091,5.536816914445686
18749,25092,6.292089249492901
18749,25093,4.922071392659627
18750,25049,6.470588235294118
18750,25050,6.470588235294118
18750,25051,6.470588235294119
18750,25052,6.470588235294118
18750,25053,7.701184947110036
18750,25054,9.160754332917152
18750,25055,6.537053724232835
18750,25056,6.470588235294119
18750,25057,6.470588235294118
18750,25058,6.470588235294118
18750,25059,6.470588235294118
18750,25060,6.470588235294119
18750,25061,6.470588235294118
18750,25062,6.470588235294118
18750,25063,6.470588235294118
18750,25064,6.470588235294117
18750,25065,6.470588235294118
18750,25066,6.470588235294117
18750,25067,6.752830096925861
18750,25068,6.651142736049898
18750,25069,8.889738568362201
18750,25070,6.520114934687516
18750,25071,6.470588235294117
18750,25072,8.269361406773216
18750,25073,6.470588235294117
18750,25074,6.470588235294117
18750,25075,6.470588235294117
18750,25076,6.470588235294117
18750,25077,6.470588235294118
18750,25078,6.470588235294118
18750,25079,6.470588235294119
18750,25080,6.470588235294118
18750,25081,6.470588235294118
18750,25082,6.470588235294117
18750,25083,6.470588235294117
18750,25084,6.470588235294117
18750,25085,6.470588235294118
18750,25086,6.470588235294118
18750,25087,6.460072083440885
18750,25088,6.4813416615187505
18750,25089,6.524365523392524
18750,25090,6.541775013470143
18750,25091,5.799476646234361
18750,25092,6.470588235294119
18750,25093,6.434425267112834
18751,25049,6.470588235294119
18751,25050,6.470588235294119
18751,25051,6.470588235294118
18751,25052,7.936702108901113
18751,25053,9.956318296343667
18751,25054,6.984549310647938
18751,25055,6.749609513373824
18751,25056,6.668577938505204
18751,25057,6.470588235294117
18751,25058,6.470588235294119
18751,25059,6.470588235294117
18751,25060,6.470588235294118
18751,25061,6.470588235294119
18751,25062,6.470588235294118
18751,25063,6.470588235294119
18751,25064,6.470588235294117
18751,25065,6.470588235294117
18751,25066,6.470588235294119
18751,25067,6.470588235294118
18751,25068,6.470588235294117
18751,25069,7.213642086576155
18751,25070,7.487459644459603
18751,25071,6.470588235294117
18751,25072,6.470588235294118
18751,25073,6.470588235294118
18751,25074,6.470588235294117
18751,25075,6.470588235294117
18751,25076,6.470588235294117
18751,25077,6.470588235294119
18751,25078,6.4705882352941195
18751,25079,6.470588235294118
18751,25080,6.470588235294118
18751,25081,6.470588235294119
18751,25082,6.470588235294118
18751,25083,6.470588235294118
18751,25084,6.470588235294118
18751,25085,6.470588235294117
18751,25086,6.571839695832347
18751,25087,6.724910804135029
18751,25088,6.4029593318809015
18751,25089,6.39136329702112
18751,25090,6.139950761097758
18751,25091,6.6839457281801264
18751,25092,6.407691650794003
18751,25093,6.470588235294117
18752,25049,6.470588235294119
18752,25050,6.470588235294118
18752,25051,6.467660367314347
18752,25052,8.073439741750358
18752,25053,6.5121238758945275
18752,25054,6.848922832974944
18752,25055,6.199943801358362
18752,25056,7.254953819665925
18752,25057,6.449107483645338
18752,25058,6.470588235294119
18752,25059,6.470588235294118
18752,25060,6.470588235294118
18752,25061,6.470588235294118
18752,25062,6.470588235294117
18752,25063,6.470588235294118
18752,25064,6.470588235294118
18752,25065,6.470588235294117
18752,25066,6.470588235294117
18752,25067,6.470588235294118
18752,25068,6.470588235294118
18752,25069,6.470588235294118
18752,25070,6.470588235294117
18752,25071,6.470588235294117
18752,25072,6.470588235294117
18752,25073,6.470588235294117
18752,25074,6.470588235294117
18752,25075,6.470588235294118
18752,25076,6.470588235294118
18752,25077,6.470588235294117
18752,25078,6.470588235294119
18752,25079,6.470588235294118
18752,25080,6.470588235294118
18752,25081,6.470588235294118
18752,25082,6.470588235294118
18752,25083,6.470588235294119
18752,25084,6.470588235294118
18752,25085,6.470588235294117
18752,25086,7.03577644326437
18752,25087,8.853243551275789
18752,25088,6.817979284737151
18752,25089,6.87181150247757
18752,25090,5.894593675620538
18752,25091,6.554682217714671
18752,25092,5.782506989216636
18752,25093,7.371602003202757
18753,25049,6.639349341855132
18753,25050,6.209335817423802
18753,25051,6.11758070402442
18753,25052,7.920915435884409
18753,25053,6.7489664540515
18753,25054,6.106756647999074
18753,25055,6.318963027151935
18753,25056,7.778356912385208
18753,25057,6.606162464985993
18753,25058,6.466261529687101
18753,25059,6.470588235294117
18753,25060,6.470588235294118
18753,25061,6.470588235294117
18753,25062,6.470588235294118
18753,25063,6.470588235294118
18753,25064,6.470588235294118
18753,25065,6.470588235294117
18753,25066,6.470588235294118
18753,25067,6.470588235294117
18753,25068,6.470588235294117
18753,25069,6.470588235294117
18753,25070,6.470588235294118
18753,25071,6.470588235294117
18753,25072,6.470588235294117
18753,25073,6.470588235294118
18753,25074,6.470588235294117
18753,25075,6.470588235294118
18753,25076,6.470588235294117
18753,25077,6.470588235294118
18753,25078,6.470588235294118
18753,25079,6.470588235294119
18753,25080,6.470588235294118
18753,25081,6.470588235294118
18753,25082,6.470588235294118
18753,25083,6.470588235294117
18753,25084,6.470588235294117
18753,25085,6.402195835797584
18753,25086,14.354484308693538
18753,25087,8.193469801334498
18753,25088,6.749229121168541
18753,25089,5.352176992469992
18753,25090,5.746209223776202
18753,25091,6.006848896226993
18753,25092,6.526353219881262
18753,25093,5.762929212605758
18754,25049,6.783579108438956
18754,25050,6.984195137909179
18754,25051,6.0756987588039735
18754,25052,7.22695199636479
18754,25053,6.793923335099806
18754,25054,7.031858035555699
18754,25055,6.999093836157868
18754,25056,9.039869425359015
18754,25057,7.101796099017035
18754,25058,8.017376822523882
18754,25059,6.587241721921447
18754,25060,6.470588235294118
18754,25061,6.470588235294119
18754,25062,6.470588235294118
18754,25063,6.470588235294118
18754,25064,6.470588235294118
18754,25065,6.470588235294118
18754,25066,6.470588235294119
18754,25067,6.470588235294117
18754,25068,6.470588235294118
18754,25069,6.470588235294117
18754,25070,6.470588235294119
18754,25071,6.470588235294117
18754,25072,6.470588235294119
18754,25073,6.470588235294117
18754,25074,6.470588235294118
18754,25075,6.470588235294119
18754,25076,6.470588235294119
18754,25077,6.470588235294117
18754,25078,6.470588235294118
18754,25079,6.470588235294119
18754,25080,6.470588235294119
18754,25081,6.470588235294117
18754,25082,6.470588235294118
18754,25083,6.467964952947854
18754,25084,6.396479851783233
18754,25085,6.999456499017518
18754,25086,5.409095575402937
18754,25087,7.636105553754847
18754,25088,6.284879459143302
18754,25089,6.045598510674307
18754,25090,5.861796331435801
18754,25091,6.090241971042662
18754,25092,7.537931839402428
18754,25093,7.204517131775348
18755,25049,5.630455785526713
18755,25050,6.157854266577633
18755,25051,5.195858571423337
18755,25052,5.972850678733032
18755,25053,5.795273847730993
18755,25054,7.183415380810583
18755,25055,7.696138949406924
18755,25056,6.454131485689174
18755,25057,7.289071980583765
18755,25058,7.300170097071462
18755,25059,8.378711136304071
18755,25060,7.023403101745105
18755,25061,6.470588235294118
18755,25062,6.470588235294119
18755,25063,6.470588235294118
18755,25064,6.470588235294118
18755,25065,6.470588235294117
18755,25066,6.470588235294118
18755,25067,6.470588235294117
18755,25068,6.470588235294119
18755,25069,6.470588235294118
18755,25070,6.470588235294117
18755,25071,6.470588235294119
18755,25072,6.470588235294117
18755,25073,6.470588235294118
18755,25074,6.470588235294116
18755,25075,6.470588235294117
18755,25076,6.470588235294118
18755,25077,6.470588235294119
18755,25078,6.470588235294117
18755,25079,6.470588235294118
18755,25080,6.470588235294119
18755,25081,6.470588235294118
18755,25082,6.470588235294118
18755,25083,6.985976059818361
18755,25084,7.441218580364595
18755,25085,6.371298380694486
18755,25086,7.55574179805493
18755,25087,6.518831896144555
18755,25088,6.035848406828582
18755,25089,6.605906956345003
18755,25090,6.714976498528622
18755,25091,6.209723153064908
18755,25092,7.6326294170309135
18755,25093,5.9954377790720255
18756,25049,5.641606591143152
18756,25050,5.491866847209441
18756,25051,5.681098526367069
18756,25052,5.806294141267805
18756,25053,5.785256256649636
18756,25054,6.421870596287796
18756,25055,6.332788671023965
18756,25056,6.272264898803888
18756,25057,6.395471913634854
18756,25058,7.459974815614319
18756,25059,8.081507839430667
18756,25060,8.037213698253849
18756,25061,6.5273192540544445
18756,25062,6.470588235294118
18756,25063,6.470588235294119
18756,25064,6.470588235294117
18756,25065,6.470588235294117
18756,25066,6.470588235294119
18756,25067,6.722689075630253
18756,25068,6.470588235294118
18756,25069,6.470588235294118
18756,25070,6.470588235294118
18756,25073,6.4705882352941195
18756,25074,6.470588235294118
18756,25075,6.470588235294118
18756,25076,6.470588235294118
18756,25077,6.470588235294118
18756,25078,6.470588235294118
18756,25079,6.470588235294118
18756,25080,6.470588235294118
18756,25081,6.470588235294118
18756,25082,6.518377473890717
18756,25083,7.231244502048231
18756,25084,7.074591185371684
18756,25085,6.383007584425388
18756,25086,6.401481334523691
18756,25087,6.584501186750723
18756,25088,5.872798370596158
18756,25089,6.417203416206409
18756,25090,7.005922133251207
18756,25091,8.680392156862746
18756,25092,8.594341245270037
18756,25093,5.797412910884605
18757,25049,6.459503037632086
18757,25050,4.138251910933866
18757,25051,6.15060543096654
18757,25052,7.147667632363439
18757,25053,6.461842884022507
18757,25054,6.449276754634565
18757,25055,6.212120245560538
18757,25056,6.3073071984461775
18757,25057,8.306402855397911
18757,25058,7.7813054257185135
18757,25059,6.822414103255981
18757,25060,7.492676095410463
18757,25061,7.31048262410504
18757,25062,6.546366280838841
18757,25063,6.470588235294118
18757,25064,6.470588235294118
18757,25065,6.470588235294117
18757,25066,6.470588235294119
18757,25069,6.4705882352941195
18757,25070,6.470588235294119
18757,25071,6.470588235294118
18757,25072,6.470588235294118
18757,25073,6.470588235294118
18757,25074,6.470588235294117
18757,25075,6.470588235294118
18757,25076,6.470588235294119
18757,25077,6.470588235294117
18757,25078,6.470588235294119
18757,25079,6.470588235294119
18757,25080,6.470588235294118
18757,25081,6.467236467236468
18757,25082,6.411952840837828
18757,25083,6.370359382946263
18757,25084,6.448466566113625
18757,25085,6.43736922711879
18757,25086,6.452872113623398
18757,25087,6.263621863747936
18757,25088,5.724156422737399
18757,25089,6.569450914515074
18757,25090,6.408622292807743
18757,25091,9.59943301280177
18757,25092,7.552803577571381
18757,25093,7.480890661349285
18758,25049,6.411829848218357
18758,25050,6.7000474760221485
18758,25051,6.181898854871751
18758,25052,6.4830687666965785
18758,25053,6.46964857935768
18758,25054,8.241864800245459
18758,25055,6.303909494832416
18758,25056,6.735264867394617
18758,25057,6.526591162719869
18758,25058,5.660254623176286
18758,25059,6.348255161095275
18758,25060,7.102648440969924
18758,25061,7.014938411810953
18758,25062,6.427933860111208
18758,25063,6.4705882352941195
18758,25064,6.470588235294118
18758,25065,6.470588235294117
18758,25066,6.470588235294118
18758,25067,6.470588235294119
18758,25068,6.470588235294119
18758,25069,6.470588235294118
18758,25070,6.470588235294118
18758,25071,6.470588235294119
18758,25072,6.470588235294117
18758,25073,6.470588235294119
18758,25074,6.470588235294119
18758,25075,6.470588235294118
18758,25076,6.470588235294119
18758,25077,6.470588235294119
18758,25078,6.470588235294118
18758,25079,6.534125348527094
18758,25080,5.515610217596973
18758,25081,6.456904728584535
18758,25082,6.40067028776147
18758,25083,6.34755198535767
18758,25084,6.398443791173076
18758,25085,7.517906408013716
18758,25086,6.9083269029105105
18758,25087,8.792775725427047
18758,25088,6.67675300572904
18758,25089,7.09503033950153
18758,25090,6.405950392775407
18758,25091,6.76644108971022
18758,25092,8.14674858127415
18758,25093,6.911710330277424
18759,25049,7.014788514644574
18759,25050,7.350026541093103
18759,25051,7.583282447927268
18759,25052,6.315584337710621
18759,25053,6.434876848231379
18759,25054,6.428593107304023
18759,25055,6.3660270975342925
18759,25056,6.979822257462378
18759,25057,7.572433023916254
18759,25058,6.438970744448193
18759,25059,6.374920936116383
18759,25060,6.254978201955932
18759,25061,6.578668571760731
18759,25062,8.162131647284633
18759,25063,4.9495845239268235
18759,25064,6.470588235294117
18759,25065,6.470588235294118
18759,25068,6.470588235294118
18759,25069,6.470588235294119
18759,25070,6.470588235294119
18759,25071,6.470588235294119
18759,25072,6.470588235294118
18759,25073,6.470588235294118
18759,25074,6.470588235294118
18759,25075,6.470588235294119
18759,25076,6.470588235294119
18759,25077,6.470588235294118
18759,25078,6.470588235294118
18759,25079,7.665357238785925
18759,25080,7.318372435679475
18759,25081,6.448456838026914
18759,25082,6.372896222794803
18759,25083,6.405288720992985
18759,25084,6.534424773145504
18759,25085,7.2893829447789615
18759,25086,6.812416361203236
18759,25087,6.935994698546312
18759,25088,5.929854853079148
18759,25089,6.919101415400598
18759,25090,6.358333691402055
18759,25091,7.538827611581546
18759,25092,7.430576347720403
18759,25093,8.152272957375722
18760,25049,6.62199491811134
18760,25050,6.468070439052499
18760,25051,8.134756151336097
18760,25052,6.36060495955512
18760,25053,6.255298386850853
18760,25054,6.863511628263502
18760,25055,6.977672215092484
18760,25056,7.184000439699356
18760,25057,7.8348930481283405
18760,25058,6.804854690780508
18760,25059,6.455906620073772
18760,25060,7.3511850694570615
18760,25061,6.296197292258239
18760,25062,6.274031709605512
18760,25063,5.737807943690298
18760,25064,6.4677706484291955
18760,25067,6.470588235294119
18760,25068,6.470588235294119
18760,25069,6.470588235294118
18760,25070,6.470588235294117
18760,25071,6.470588235294118
18760,25072,6.470588235294117
18760,25073,6.470588235294117
18760,25074,6.4705882352941195
18760,25075,6.470588235294118
18760,25076,6.470588235294118
18760,25077,6.466571018651362
18760,25078,6.479706409850643
18760,25079,6.364195902576277
18760,25081,6.440209886771609
18760,25082,6.389018678010624
18760,25083,6.421968071365322
18760,25084,6.700533605284429
18760,25085,7.03411360994522
18760,25086,6.357177917280221
18760,25087,6.46255971214095
18760,25088,6.183061459878069
18760,25089,6.3395112870395955
18760,25090,6.264257117213422
18760,25091,6.374240271739712
18760,25092,6.432877181955835
18760,25093,8.40942347088089
18761,25049,6.46162331926016
18761,25050,6.461398364202945
18761,25051,6.669057528016169
18761,25052,6.484293237204513
18761,25053,6.19272529858849
18761,25054,6.649327002909235
18761,25055,6.746645450042302
18761,25056,7.338047487881359
18761,25057,6.390486745928517
18761,25058,6.467507277886604
18761,25059,6.36477200056363
18761,25060,6.482096276974152
18761,25061,5.616523289157561
18761,25062,6.255636837358454
18761,25066,6.452899970854564
18761,25067,6.470588235294118
18761,25068,6.470588235294118
18761,25069,6.470588235294118
18761,25070,6.470588235294117
18761,25071,6.470588235294117
18761,25072,6.470588235294118
18761,25073,6.470588235294118
18761,25074,6.470588235294118
18761,25075,6.470588235294118
18761,25076,6.430779729715757
18761,25077,6.337535014005602
18761,25078,6.153225203677405
18761,25079,11.069879665261745
18761,25080,11.732309537233425
18761,25081,6.462182690691241
18761,25082,6.3334372356058255
18761,25083,6.135792096872098
18761,25084,6.818710452791869
18761,25085,6.92331730929062
18761,25086,5.923480315072684
18761,25087,6.265307335154555
18761,25088,7.318101942989334
18761,25089,6.359966818209202
18761,25090,6.281318082788672
18761,25091,5.944567060102998
18761,25092,6.078897449162692
18761,25093,6.436896826324963
18762,25049,6.468472280998731
18762,25050,7.494137893277636
18762,25051,7.604527104959631
18762,25052,7.276449041154923
18762,25053,6.459129846011618
18762,25054,6.565138841357134
18762,25055,6.955226876419154
18762,25056,6.320269693433507
18762,25057,6.499835634451019
18762,25058,6.313416553228874
18762,25059,6.5291007888965265
18762,25060,6.678877497845906
18762,25061,6.279267474690752
18762,25062,6.419970666475706
18762,25063,7.454258829109729
18762,25066,7.321752862218713
18762,25067,6.575141761599414
18762,25068,6.470588235294117
18762,25069,6.470588235294117
18762,25070,6.470588235294117
18762,25071,6.470588235294118
18762,25072,6.470588235294118
18762,25073,6.470588235294118
18762,25074,6.470588235294119
18762,25075,6.51342630368667
18762,25076,6.385509807157721
18762,25077,6.501045088085997
18762,25078,7.419868589672363
18762,25079,8.096414761937448
18762,25080,5.729467276536365
18762,25081,6.3795276381690025
18762,25082,6.409616850273679
18762,25083,7.610678608121064
18762,25084,8.40846491586899
18762,25085,10.287748695564119
18762,25086,7.495651396248351
18762,25087,7.655424836601308
18762,25088,6.4383407186911565
18762,25089,6.357751301298179
18762,25090,5.700477626948216
18762,25091,6.099008605565369
18762,25092,6.198676051617229
18762,25093,6.512848684612098
18763,25049,5.921957964973049
18763,25050,6.44819865662528
18763,25051,7.254492259047178
18763,25052,6.424204090238246
18763,25053,6.454824296805838
18763,25054,6.150793358973793
18763,25055,6.4983091080544995
18763,25056,6.068819684736639
18763,25057,6.3146008403361344
18763,25058,6.241216089413433
18763,25059,6.191109609673014
18763,25060,6.989434287228404
18763,25061,6.787934498108697
18763,25062,6.4094091474187005
18763,25063,6.993236230717436
18763,25064,7.088094283890694
18763,25065,6.5076281503354325
18763,25066,7.111576598762172
18763,25067,6.421711043510956
18763,25068,6.413764183222623
18763,25069,6.470588235294119
18763,25070,6.470588235294118
18763,25071,6.470588235294118
18763,25072,6.470588235294118
18763,25073,6.470588235294117
18763,25074,6.459442686366786
18763,25075,6.426622643148841
18763,25076,6.47940775583291
18763,25077,6.624751222338328
18763,25078,6.234943817197058
18763,25079,6.205557647495403
18763,25080,6.309797333465096
18763,25081,6.442768625918219
18763,25082,6.437935552695353
18763,25083,8.448401477960692
18763,25084,7.176571659591672
18763,25085,6.18478004737632
18763,25086,5.897662368250605
18763,25087,6.331304935767411
18763,25088,6.189523968227518
18763,25089,7.103156996880493
18763,25090,5.821719057229725
18763,25091,6.31974965718505
18763,25092,6.143092425837134
18763,25093,6.1909404997239585
18764,25049,6.377164801890624
18764,25050,6.470588235294119
18764,25051,6.458569128418899
18764,25052,6.4612748017610855
18764,25053,6.468322623166914
18764,25054,4.9682957760218525
18764,25055,6.283012970776683
18764,25056,10.444431051108968
18764,25057,7.421108494379907
18764,25058,6.335668003180564
18764,25059,6.165221878224974
18764,25060,6.466634529593593
18764,25061,7.811146656220757
18764,25062,6.98742638770848
18764,25063,6.634560256851278
18764,25064,6.820597221039887
18764,25065,6.305798543816458
18764,25066,6.15627155384767
18764,25067,6.41293405554682
18764,25068,6.236686163827232
18764,25069,6.5459379645932385
18764,25070,6.470588235294118
18764,25071,6.470588235294119
18764,25072,6.470588235294118
18764,25073,6.470367787343882
18764,25074,5.5090147514114
18764,25075,5.689059309084158
18764,25076,6.323286277502226
18764,25077,6.637456628742034
18764,25078,6.380047769816143
18764,25079,6.293193305406415
18764,25080,6.311900939035664
18764,25081,8.513523389049748
18764,25082,7.014771514796804
18764,25083,5.742983467896962
18764,25084,6.539607843137255
18764,25085,5.1595540176855055
18764,25086,6.457816287136616
18764,25087,6.225632035221497
18764,25088,5.630018593057231
18764,25089,5.607352662497632
18764,25090,6.379379076108623
18764,25091,5.531345410136374
18764,25092,6.0263660565223285
18764,25093,6.768135637093122
18765,25049,5.63138967377344
18765,25050,5.658374534459714
18765,25051,6.712090241502007
18765,25052,5.212418300653595
18765,25053,6.274044848291619
18765,25054,6.2553412403658015
18765,25055,6.337810714837118
18765,25056,8.092541100882759
18765,25057,6.707024075452965
18765,25058,6.756648761954672
18765,25059,6.907958668048718
18765,25060,7.401188416543087
18765,25061,7.279239270884297
18765,25062,6.87523266123847
18765,25063,7.244603140831739
18765,25064,7.493999285021195
18765,25065,6.721416809369686
18765,25066,6.439278937381405
18765,25067,6.047180277709656
18765,25068,5.871507263749752
18765,25069,5.839130794873388
18765,25070,6.257195434808227
18765,25071,6.470588235294119
18765,25072,6.475713743684641
18765,25073,6.186320322521533
18765,25074,6.092978549381795
18765,25075,6.0477837766289175
18765,25076,6.229273110600391
18765,25077,7.40397256017401
18765,25078,6.86340335546724
18765,25079,6.597909133867466
18765,25080,6.494987135125543
18765,25081,9.530090355176531
18765,25082,8.686333392215747
18765,25083,7.886569178702321
18765,25084,6.005839132774118
18765,25085,5.787894288150042
18765,25086,7.474215119573842
18765,25087,8.260663914688683
18765,25088,6.45198313459703
18765,25089,6.212069660769193
18765,25090,6.988142459279265
18765,25091,5.926347882474752
18765,25092,5.860515426571357
18765,25093,5.8731130431592655
